INSERT INTO users(name,email,password, ID) VALUES
  ('Алексей Иванов','ivanov.alexey@gmail.com','{noop}111222', 100000),
  ('Андрей Горбунов','andrunov@gmail.com','{noop}222333', 100001),
  ('Павел Сидоров','sidor@gmail.com','{noop}333444', 100002),
  ('Roberto Zanetti','rzanetti@gmail.com','{noop}444555', 100003),
  ('John Bon Jovi','jbj@gmail.com','{noop}555666', 100004),
  ('Didier Maoruani','dmauruani@gmail.com','{noop}666777', 100005);

INSERT INTO roles(user_id, role) VALUES
  (100000,'USER'),
  (100001,'ADMIN'),
  (100002,'USER'),
  (100003,'USER'),
  (100004,'USER'),
  (100005,'USER');

INSERT INTO restaurants(name, address, ID) VALUES
  ('Ёлки-палки','ул. Некрасова, 14', 100006),
  ('Пиццерия','пл. Пушкина, 6', 100007),
  ('Закусочная','Привокзальная пл, 3', 100008),
  ('Прага','ул. Арбат, 1', 100009);


INSERT INTO menu_lists(ID,  date, restaurant_id) VALUES
  (100010, '2023-03-08', 100006),
  (100011, curdate(), 100007),
  (100012, curdate(), 100008),
  (100013, curdate(), 100009),
  (100014, '2022-12-14', 100006),
  (100015, '2022-12-14', 100007),
  (100016, '2022-12-14', 100008),
  (100017, '2022-12-14', 100009),
  (100018, '2022-12-15', 100006),
  (100019, '2022-12-15', 100007),
  (100020, '2022-12-15', 100008),
  (100021, '2022-12-15', 100009);

INSERT INTO dishes(ID, name) VALUES
  (100022, 'Каша овсяная'),
  (100023, 'Сырники'),
  (100024, 'Блины'),
  (100025, 'Суп гороховый'),
  (100026, 'Рассольник'),
  (100027, 'Жульен с грибами'),
  (100028, 'Пельмени'),
  (100029, 'Котлета по киевски'),
  (100030, 'Чай черный'),
  (100031, 'Чай зеленый'),
  (100032, 'Кофе черный'),
  (100033, 'Кофе белый'),
  (100034, 'Пирог осетинский'),
  (100035, 'Поросенок под хреном'),
  (100036, 'Манты грузинские'),
  (100037, 'Жаркое'),
  (100038, 'Чай черный с лимоном'),
  (100039, 'Борщ'),
  (100040, 'Плов узбекский'),
  (100041, 'Салат оливье');


INSERT INTO menu_items(menu_list_id, dish_id,price) VALUES
  (100010,100022,1.25),
  (100010,100023,3.45),
  (100010,100024,2.48),
  (100010,100025,5.57),
  (100010,100026,6.87),

  (100011,100027,12.47),
  (100011,100028,7.96),
  (100011,100029,14.58),
  (100011,100030,0.55),
  (100011,100031,0.55),

  (100012,100032,0.75),
  (100012,100033,0.95),
  (100012,100034,12.54),
  (100012,100035,24.58),
  (100012,100036,4.62),

  (100013,100037,4.12),
  (100013,100038,1.95),
  (100013,100039,17.58),
  (100013,100040,12.75),
  (100013,100041,8.12),

  (100016,100028,7.96),
  (100016,100029,14.58),
  (100016,100030,0.55),
  (100016,100031,0.55),
  (100016,100032,0.75),
  (100016,100033,0.95),
  (100016,100034,12.54),

  (100018,100034,12.54),
  (100018,100035,24.58),
  (100018,100036,4.62),
  (100018,100037,4.12),
  (100018,100038,1.95),
  (100018,100039,17.58),

  (100014,100022,4.12),
  (100014,100028,12.95),
  (100014,100039,15.58),
  (100014,100040,13.75),
  (100014,100041,18.12),

  (100015,100029,4.15),
  (100015,100034,1.95),
  (100015,100038,16.88),
  (100015,100035,14.75),
  (100015,100041,8.15),

  (100017,100029,11.12),
  (100017,100034,18.95),
  (100017,100036,13.55),
  (100017,100040,12.76),
  (100017,100037,8.12),

  (100019,100023,3.45),
  (100019,100026,2.48),
  (100019,100035,5.57),
  (100019,100036,6.87),

  (100020,100031,2.47),
  (100020,100028,17.96),
  (100020,100035,15.58),
  (100020,100032,0.55),
  (100020,100041,0.55),

  (100021,100035,0.56),
  (100021,100037,3.95),
  (100021,100029,4.54),
  (100021,100036,15.58),
  (100021,100032,4.18);

INSERT INTO votes(date_time, user_id, restaurant_id, MENU_LIST_ID) VALUES
                                                                       ('2022-12-14 11:35:00' , 100000, 100006, 100014),
                                                                       ('2022-12-15 10:15:00' , 100000, 100009, 100021),
                                                                       ('2022-12-16 11:18:00' , 100000, 100006, 100010),

                                                                       ('2022-12-14 10:25:00' , 100001, 100006, 100014),
                                                                       ('2022-12-15 10:17:00' , 100001, 100006, 100018),
                                                                       ('2022-12-16 11:18:00' , 100001, 100007, 100011),

                                                                       ('2022-12-14 10:55:00', 100002, 100008, 100016),
                                                                       ('2022-12-15 10:15:00', 100002, 100006, 100018),
                                                                       (now(), 100002, 100007, 100011),

                                                                       ('2022-12-14 10:35:00', 100003, 100008, 100016),
                                                                       ('2022-12-15 9:15:00', 100003, 100007, 100019),
                                                                       (now(), 100003, 100007, 100011),

                                                                       ('2022-12-14 8:35:00', 100004, 100007, 100015),
                                                                       ('2022-12-15 10:45:00', 100004, 100008, 100020),
                                                                       (now(), 100004, 100008, 100012),

                                                                       ('2022-12-14 10:35:00', 100005, 100006, 100014),
                                                                       ('2022-12-15 11:35:00', 100005, 100009, 100021),
                                                                       (now(), 100005, 100009, 100013);

